<annotation>
	<folder>Images</folder>
	<filename>1.jpeg</filename>
	<path>/home/yash/Downloads/Moon dataset/Images/1.jpeg</path>
	<source>
		<database>Unknown</database>
	</source>
	<size>
		<width>196</width>
		<height>258</height>
		<depth>3</depth>
	</size>
	<segmented>0</segmented>
	<object>
		<name>moon</name>
		<pose>Unspecified</pose>
		<truncated>0</truncated>
		<difficult>0</difficult>
		<bndbox>
			<xmin>87</xmin>
			<ymin>129</ymin>
			<xmax>113</xmax>
			<ymax>158</ymax>
		</bndbox>
	</object>
</annotation>
