<annotation>
	<folder>Images</folder>
	<filename>13.jpeg</filename>
	<path>/home/yash/Downloads/Moon dataset/Images/13.jpeg</path>
	<source>
		<database>Unknown</database>
	</source>
	<size>
		<width>183</width>
		<height>275</height>
		<depth>3</depth>
	</size>
	<segmented>0</segmented>
	<object>
		<name>moon</name>
		<pose>Unspecified</pose>
		<truncated>0</truncated>
		<difficult>0</difficult>
		<bndbox>
			<xmin>66</xmin>
			<ymin>52</ymin>
			<xmax>93</xmax>
			<ymax>81</ymax>
		</bndbox>
	</object>
</annotation>
