<annotation>
	<folder>Images</folder>
	<filename>14.jpeg</filename>
	<path>/home/yash/Downloads/Moon dataset/Images/14.jpeg</path>
	<source>
		<database>Unknown</database>
	</source>
	<size>
		<width>299</width>
		<height>169</height>
		<depth>3</depth>
	</size>
	<segmented>0</segmented>
	<object>
		<name>moon</name>
		<pose>Unspecified</pose>
		<truncated>0</truncated>
		<difficult>0</difficult>
		<bndbox>
			<xmin>114</xmin>
			<ymin>11</ymin>
			<xmax>261</xmax>
			<ymax>157</ymax>
		</bndbox>
	</object>
</annotation>
