<annotation>
	<folder>Images</folder>
	<filename>16.jpg</filename>
	<path>/home/yash/Downloads/Moon dataset/Images/16.jpg</path>
	<source>
		<database>Unknown</database>
	</source>
	<size>
		<width>736</width>
		<height>1103</height>
		<depth>3</depth>
	</size>
	<segmented>0</segmented>
	<object>
		<name>moon</name>
		<pose>Unspecified</pose>
		<truncated>0</truncated>
		<difficult>0</difficult>
		<bndbox>
			<xmin>127</xmin>
			<ymin>285</ymin>
			<xmax>612</xmax>
			<ymax>792</ymax>
		</bndbox>
	</object>
</annotation>
