<annotation>
	<folder>Images</folder>
	<filename>17.jpg</filename>
	<path>/home/yash/Downloads/Moon dataset/Images/17.jpg</path>
	<source>
		<database>Unknown</database>
	</source>
	<size>
		<width>2560</width>
		<height>1600</height>
		<depth>3</depth>
	</size>
	<segmented>0</segmented>
	<object>
		<name>moon</name>
		<pose>Unspecified</pose>
		<truncated>0</truncated>
		<difficult>0</difficult>
		<bndbox>
			<xmin>694</xmin>
			<ymin>241</ymin>
			<xmax>1018</xmax>
			<ymax>528</ymax>
		</bndbox>
	</object>
</annotation>
