<annotation>
	<folder>Images</folder>
	<filename>20.jpeg</filename>
	<path>/home/yash/Downloads/Moon dataset/Images/20.jpeg</path>
	<source>
		<database>Unknown</database>
	</source>
	<size>
		<width>300</width>
		<height>168</height>
		<depth>3</depth>
	</size>
	<segmented>0</segmented>
	<object>
		<name>moon</name>
		<pose>Unspecified</pose>
		<truncated>0</truncated>
		<difficult>0</difficult>
		<bndbox>
			<xmin>167</xmin>
			<ymin>20</ymin>
			<xmax>203</xmax>
			<ymax>55</ymax>
		</bndbox>
	</object>
</annotation>
