<annotation>
	<folder>Images</folder>
	<filename>22.jpeg</filename>
	<path>/home/yash/Downloads/Moon dataset/Images/22.jpeg</path>
	<source>
		<database>Unknown</database>
	</source>
	<size>
		<width>194</width>
		<height>260</height>
		<depth>3</depth>
	</size>
	<segmented>0</segmented>
	<object>
		<name>moon</name>
		<pose>Unspecified</pose>
		<truncated>0</truncated>
		<difficult>0</difficult>
		<bndbox>
			<xmin>84</xmin>
			<ymin>110</ymin>
			<xmax>117</xmax>
			<ymax>141</ymax>
		</bndbox>
	</object>
</annotation>
