<annotation>
	<folder>Images</folder>
	<filename>24.jpeg</filename>
	<path>/home/yash/Downloads/Moon dataset/Images/24.jpeg</path>
	<source>
		<database>Unknown</database>
	</source>
	<size>
		<width>344</width>
		<height>146</height>
		<depth>3</depth>
	</size>
	<segmented>0</segmented>
	<object>
		<name>moon</name>
		<pose>Unspecified</pose>
		<truncated>0</truncated>
		<difficult>0</difficult>
		<bndbox>
			<xmin>196</xmin>
			<ymin>8</ymin>
			<xmax>231</xmax>
			<ymax>41</ymax>
		</bndbox>
	</object>
</annotation>
