<annotation>
	<folder>Images</folder>
	<filename>25.jpeg</filename>
	<path>/home/yash/Downloads/Moon dataset/Images/25.jpeg</path>
	<source>
		<database>Unknown</database>
	</source>
	<size>
		<width>225</width>
		<height>225</height>
		<depth>3</depth>
	</size>
	<segmented>0</segmented>
	<object>
		<name>moon</name>
		<pose>Unspecified</pose>
		<truncated>0</truncated>
		<difficult>0</difficult>
		<bndbox>
			<xmin>86</xmin>
			<ymin>134</ymin>
			<xmax>119</xmax>
			<ymax>166</ymax>
		</bndbox>
	</object>
</annotation>
