<annotation>
	<folder>Images</folder>
	<filename>30.jpeg</filename>
	<path>/home/yash/Downloads/Moon dataset/Images/30.jpeg</path>
	<source>
		<database>Unknown</database>
	</source>
	<size>
		<width>190</width>
		<height>265</height>
		<depth>3</depth>
	</size>
	<segmented>0</segmented>
	<object>
		<name>moon</name>
		<pose>Unspecified</pose>
		<truncated>0</truncated>
		<difficult>0</difficult>
		<bndbox>
			<xmin>59</xmin>
			<ymin>88</ymin>
			<xmax>97</xmax>
			<ymax>127</ymax>
		</bndbox>
	</object>
</annotation>
