<annotation>
	<folder>Images</folder>
	<filename>32.jpeg</filename>
	<path>/home/yash/Downloads/Moon dataset/Images/32.jpeg</path>
	<source>
		<database>Unknown</database>
	</source>
	<size>
		<width>275</width>
		<height>183</height>
		<depth>3</depth>
	</size>
	<segmented>0</segmented>
	<object>
		<name>moon</name>
		<pose>Unspecified</pose>
		<truncated>0</truncated>
		<difficult>0</difficult>
		<bndbox>
			<xmin>37</xmin>
			<ymin>63</ymin>
			<xmax>111</xmax>
			<ymax>129</ymax>
		</bndbox>
	</object>
</annotation>
