<annotation>
	<folder>Images</folder>
	<filename>34.jpeg</filename>
	<path>/home/yash/Downloads/Moon dataset/Images/34.jpeg</path>
	<source>
		<database>Unknown</database>
	</source>
	<size>
		<width>300</width>
		<height>168</height>
		<depth>3</depth>
	</size>
	<segmented>0</segmented>
	<object>
		<name>moon</name>
		<pose>Unspecified</pose>
		<truncated>0</truncated>
		<difficult>0</difficult>
		<bndbox>
			<xmin>179</xmin>
			<ymin>33</ymin>
			<xmax>204</xmax>
			<ymax>58</ymax>
		</bndbox>
	</object>
</annotation>
