<annotation>
	<folder>Images</folder>
	<filename>35.jpeg</filename>
	<path>/home/yash/Downloads/Moon dataset/Images/35.jpeg</path>
	<source>
		<database>Unknown</database>
	</source>
	<size>
		<width>375</width>
		<height>134</height>
		<depth>3</depth>
	</size>
	<segmented>0</segmented>
	<object>
		<name>moon</name>
		<pose>Unspecified</pose>
		<truncated>0</truncated>
		<difficult>0</difficult>
		<bndbox>
			<xmin>47</xmin>
			<ymin>6</ymin>
			<xmax>88</xmax>
			<ymax>44</ymax>
		</bndbox>
	</object>
</annotation>
