<annotation>
	<folder>Images</folder>
	<filename>41.jpeg</filename>
	<path>/home/yash/Downloads/Moon dataset/Images/41.jpeg</path>
	<source>
		<database>Unknown</database>
	</source>
	<size>
		<width>275</width>
		<height>183</height>
		<depth>3</depth>
	</size>
	<segmented>0</segmented>
	<object>
		<name>moon</name>
		<pose>Unspecified</pose>
		<truncated>0</truncated>
		<difficult>0</difficult>
		<bndbox>
			<xmin>184</xmin>
			<ymin>17</ymin>
			<xmax>213</xmax>
			<ymax>45</ymax>
		</bndbox>
	</object>
</annotation>
