<annotation>
	<folder>Images</folder>
	<filename>5.jpeg</filename>
	<path>/home/yash/Downloads/Moon dataset/Images/5.jpeg</path>
	<source>
		<database>Unknown</database>
	</source>
	<size>
		<width>225</width>
		<height>225</height>
		<depth>3</depth>
	</size>
	<segmented>0</segmented>
	<object>
		<name>moon</name>
		<pose>Unspecified</pose>
		<truncated>0</truncated>
		<difficult>0</difficult>
		<bndbox>
			<xmin>139</xmin>
			<ymin>93</ymin>
			<xmax>180</xmax>
			<ymax>132</ymax>
		</bndbox>
	</object>
</annotation>
