<annotation>
	<folder>Images</folder>
	<filename>51.jpeg</filename>
	<path>/home/yash/Downloads/Moon dataset/Images/51.jpeg</path>
	<source>
		<database>Unknown</database>
	</source>
	<size>
		<width>316</width>
		<height>159</height>
		<depth>3</depth>
	</size>
	<segmented>0</segmented>
	<object>
		<name>moon</name>
		<pose>Unspecified</pose>
		<truncated>0</truncated>
		<difficult>0</difficult>
		<bndbox>
			<xmin>151</xmin>
			<ymin>19</ymin>
			<xmax>181</xmax>
			<ymax>46</ymax>
		</bndbox>
	</object>
</annotation>
