<annotation>
	<folder>Images</folder>
	<filename>55.jpeg</filename>
	<path>/home/yash/Downloads/Moon dataset/Images/55.jpeg</path>
	<source>
		<database>Unknown</database>
	</source>
	<size>
		<width>259</width>
		<height>194</height>
		<depth>3</depth>
	</size>
	<segmented>0</segmented>
	<object>
		<name>moon</name>
		<pose>Unspecified</pose>
		<truncated>0</truncated>
		<difficult>0</difficult>
		<bndbox>
			<xmin>149</xmin>
			<ymin>80</ymin>
			<xmax>174</xmax>
			<ymax>102</ymax>
		</bndbox>
	</object>
</annotation>
