<annotation>
	<folder>Images</folder>
	<filename>6.jpeg</filename>
	<path>/home/yash/Downloads/Moon dataset/Images/6.jpeg</path>
	<source>
		<database>Unknown</database>
	</source>
	<size>
		<width>259</width>
		<height>194</height>
		<depth>3</depth>
	</size>
	<segmented>0</segmented>
	<object>
		<name>moon</name>
		<pose>Unspecified</pose>
		<truncated>0</truncated>
		<difficult>0</difficult>
		<bndbox>
			<xmin>99</xmin>
			<ymin>45</ymin>
			<xmax>179</xmax>
			<ymax>124</ymax>
		</bndbox>
	</object>
</annotation>
