<annotation>
	<folder>Images</folder>
	<filename>61.jpeg</filename>
	<path>/home/yash/Downloads/Moon dataset/Images/61.jpeg</path>
	<source>
		<database>Unknown</database>
	</source>
	<size>
		<width>283</width>
		<height>178</height>
		<depth>3</depth>
	</size>
	<segmented>0</segmented>
	<object>
		<name>moon</name>
		<pose>Unspecified</pose>
		<truncated>0</truncated>
		<difficult>0</difficult>
		<bndbox>
			<xmin>134</xmin>
			<ymin>29</ymin>
			<xmax>151</xmax>
			<ymax>47</ymax>
		</bndbox>
	</object>
</annotation>
