<annotation>
	<folder>Images</folder>
	<filename>62.jpeg</filename>
	<path>/home/yash/Downloads/Moon dataset/Images/62.jpeg</path>
	<source>
		<database>Unknown</database>
	</source>
	<size>
		<width>292</width>
		<height>173</height>
		<depth>3</depth>
	</size>
	<segmented>0</segmented>
	<object>
		<name>moon</name>
		<pose>Unspecified</pose>
		<truncated>0</truncated>
		<difficult>0</difficult>
		<bndbox>
			<xmin>94</xmin>
			<ymin>24</ymin>
			<xmax>127</xmax>
			<ymax>54</ymax>
		</bndbox>
	</object>
</annotation>
