<annotation>
	<folder>Images</folder>
	<filename>63.jpeg</filename>
	<path>/home/yash/Downloads/Moon dataset/Images/63.jpeg</path>
	<source>
		<database>Unknown</database>
	</source>
	<size>
		<width>276</width>
		<height>183</height>
		<depth>3</depth>
	</size>
	<segmented>0</segmented>
	<object>
		<name>moon</name>
		<pose>Unspecified</pose>
		<truncated>0</truncated>
		<difficult>0</difficult>
		<bndbox>
			<xmin>112</xmin>
			<ymin>64</ymin>
			<xmax>165</xmax>
			<ymax>97</ymax>
		</bndbox>
	</object>
</annotation>
