<annotation>
	<folder>Images</folder>
	<filename>64.jpeg</filename>
	<path>/home/yash/Downloads/Moon dataset/Images/64.jpeg</path>
	<source>
		<database>Unknown</database>
	</source>
	<size>
		<width>284</width>
		<height>177</height>
		<depth>3</depth>
	</size>
	<segmented>0</segmented>
	<object>
		<name>moon</name>
		<pose>Unspecified</pose>
		<truncated>0</truncated>
		<difficult>0</difficult>
		<bndbox>
			<xmin>135</xmin>
			<ymin>26</ymin>
			<xmax>156</xmax>
			<ymax>47</ymax>
		</bndbox>
	</object>
</annotation>
