<annotation>
	<folder>Images</folder>
	<filename>65.jpeg</filename>
	<path>/home/yash/Downloads/Moon dataset/Images/65.jpeg</path>
	<source>
		<database>Unknown</database>
	</source>
	<size>
		<width>298</width>
		<height>169</height>
		<depth>3</depth>
	</size>
	<segmented>0</segmented>
	<object>
		<name>moon</name>
		<pose>Unspecified</pose>
		<truncated>0</truncated>
		<difficult>0</difficult>
		<bndbox>
			<xmin>174</xmin>
			<ymin>64</ymin>
			<xmax>185</xmax>
			<ymax>74</ymax>
		</bndbox>
	</object>
</annotation>
