<annotation>
	<folder>Images</folder>
	<filename>66.jpeg</filename>
	<path>/home/yash/Downloads/Moon dataset/Images/66.jpeg</path>
	<source>
		<database>Unknown</database>
	</source>
	<size>
		<width>224</width>
		<height>224</height>
		<depth>3</depth>
	</size>
	<segmented>0</segmented>
	<object>
		<name>moon</name>
		<pose>Unspecified</pose>
		<truncated>0</truncated>
		<difficult>0</difficult>
		<bndbox>
			<xmin>49</xmin>
			<ymin>79</ymin>
			<xmax>171</xmax>
			<ymax>148</ymax>
		</bndbox>
	</object>
</annotation>
