<annotation>
	<folder>Images</folder>
	<filename>69.jpeg</filename>
	<path>/home/yash/Downloads/Moon dataset/Images/69.jpeg</path>
	<source>
		<database>Unknown</database>
	</source>
	<size>
		<width>225</width>
		<height>225</height>
		<depth>3</depth>
	</size>
	<segmented>0</segmented>
	<object>
		<name>moon</name>
		<pose>Unspecified</pose>
		<truncated>0</truncated>
		<difficult>0</difficult>
		<bndbox>
			<xmin>111</xmin>
			<ymin>39</ymin>
			<xmax>122</xmax>
			<ymax>49</ymax>
		</bndbox>
	</object>
</annotation>
