<annotation>
	<folder>Images</folder>
	<filename>7.jpeg</filename>
	<path>/home/yash/Downloads/Moon dataset/Images/7.jpeg</path>
	<source>
		<database>Unknown</database>
	</source>
	<size>
		<width>300</width>
		<height>168</height>
		<depth>3</depth>
	</size>
	<segmented>0</segmented>
	<object>
		<name>moon</name>
		<pose>Unspecified</pose>
		<truncated>0</truncated>
		<difficult>0</difficult>
		<bndbox>
			<xmin>132</xmin>
			<ymin>45</ymin>
			<xmax>172</xmax>
			<ymax>82</ymax>
		</bndbox>
	</object>
</annotation>
