<annotation>
	<folder>Images</folder>
	<filename>74.jpeg</filename>
	<path>/home/yash/Downloads/Moon dataset/Images/74.jpeg</path>
	<source>
		<database>Unknown</database>
	</source>
	<size>
		<width>257</width>
		<height>196</height>
		<depth>3</depth>
	</size>
	<segmented>0</segmented>
	<object>
		<name>moon</name>
		<pose>Unspecified</pose>
		<truncated>0</truncated>
		<difficult>0</difficult>
		<bndbox>
			<xmin>58</xmin>
			<ymin>68</ymin>
			<xmax>205</xmax>
			<ymax>150</ymax>
		</bndbox>
	</object>
</annotation>
