<annotation>
	<folder>Images</folder>
	<filename>9.jpeg</filename>
	<path>/home/yash/Downloads/Moon dataset/Images/9.jpeg</path>
	<source>
		<database>Unknown</database>
	</source>
	<size>
		<width>277</width>
		<height>182</height>
		<depth>3</depth>
	</size>
	<segmented>0</segmented>
	<object>
		<name>moon</name>
		<pose>Unspecified</pose>
		<truncated>0</truncated>
		<difficult>0</difficult>
		<bndbox>
			<xmin>128</xmin>
			<ymin>66</ymin>
			<xmax>149</xmax>
			<ymax>87</ymax>
		</bndbox>
	</object>
</annotation>
